#{"t_start": 0, "env_id": 0}
r,l,t
-999.777661,0.016666666666666666,0.059901
-855.758886,0.850000000000001,0.284957
-978.888939,0.08333333333333333,0.302759
-852.936957,1.6166666666666658,0.698336
-984.116372,0.06666666666666667,0.725037
-999.781003,0.016666666666666666,0.734975
-900.538887,0.3333333333333333,0.848219
-994.560255,0.03333333333333333,0.86369
-968.466701,0.11666666666666665,0.927495
-999.77973,0.016666666666666666,0.93762
-989.333937,0.05,0.958848
-984.115417,0.06666666666666667,0.98522
-994.554844,0.03333333333333333,1.000567
-984.136266,0.06666666666666667,1.027037
-999.780525,0.016666666666666666,1.036997
-973.678537,0.09999999999999999,1.074376
-989.339507,0.05,1.095078
-994.562483,0.03333333333333333,1.110379
-999.780525,0.016666666666666666,1.120316
-999.77973,0.016666666666666666,1.130168
-999.779411,0.016666666666666666,1.140118
-989.336165,0.05,1.161042
-937.192825,0.21666666666666665,1.238166
-994.560414,0.03333333333333333,1.261595
-858.842325,0.55,1.461624
-994.556276,0.03333333333333333,1.477022
-989.33903,0.05,1.497775
-994.555321,0.03333333333333333,1.512962
-973.668828,0.09999999999999999,1.550198
-999.777661,0.016666666666666666,1.560237
-984.106822,0.06666666666666667,1.586753
-994.559141,0.03333333333333333,1.602188
-999.780844,0.016666666666666666,1.612067
-968.43678,0.11666666666666665,1.654422
-999.781162,0.016666666666666666,1.664315
-978.900398,0.08333333333333333,1.696128
-999.778775,0.016666666666666666,1.706102
-999.77973,0.016666666666666666,1.715929
-999.77957,0.016666666666666666,1.725921
-989.347942,0.05,1.746839
-999.780366,0.016666666666666666,1.757233
-942.387153,0.19999999999999998,1.827649
-999.781162,0.016666666666666666,1.837606
-862.117692,0.6166666666666669,2.064971
-999.780844,0.016666666666666666,2.074833
-999.77957,0.016666666666666666,2.084614
-994.559459,0.03333333333333333,2.09974
-999.781162,0.016666666666666666,2.109502
-999.77973,0.016666666666666666,2.119223
-999.780684,0.016666666666666666,2.129185
-999.778775,0.016666666666666666,2.138944
-926.762788,0.24999999999999997,2.226685
-999.780207,0.016666666666666666,2.23651
-931.999293,0.2333333333333333,2.317291
-999.778775,0.016666666666666666,2.327148
-994.554844,0.03333333333333333,2.342418
-999.776706,0.016666666666666666,2.352331
-911.997412,0.3,2.480724
-999.779252,0.016666666666666666,2.494704
-999.781321,0.016666666666666666,2.504658
-963.256935,0.13333333333333333,2.552949
-947.621748,0.18333333333333332,2.618411
-989.338393,0.05,2.639396
-994.553411,0.03333333333333333,2.654793
-978.913927,0.08333333333333333,2.686597
-999.780207,0.016666666666666666,2.696549
-984.115576,0.06666666666666667,2.722752
-867.19167,0.5333333333333333,2.912971
-947.517979,0.18333333333333332,2.977146
-994.558345,0.03333333333333333,2.992754
-989.346828,0.05,3.017487
-994.555639,0.03333333333333333,3.032769
-994.560255,0.03333333333333333,3.048048
-999.778775,0.016666666666666666,3.057899
-999.777979,0.016666666666666666,3.067768
-877.092039,0.5333333333333333,3.268249
-870.103746,0.8000000000000008,3.582218
-994.554366,0.03333333333333333,3.597339
-989.336006,0.05,3.617771
-999.780844,0.016666666666666666,3.627498
-999.779889,0.016666666666666666,3.637218
-999.781003,0.016666666666666666,3.647031
-937.123593,0.21666666666666665,7.123886
-845.914292,0.6166666666666669,7.357493
-911.038156,0.3,7.46176
-994.559777,0.03333333333333333,7.47744
-952.825148,0.16666666666666666,7.538028
-853.501126,0.6500000000000004,7.775499
-999.77957,0.016666666666666666,7.785833
-989.332345,0.05,7.807121
-989.339507,0.05,7.828178
-973.689041,0.09999999999999999,7.866267
-994.5593,0.03333333333333333,7.881672
-952.796818,0.16666666666666666,7.942506
-999.779411,0.016666666666666666,7.952598
-848.626381,0.6500000000000004,8.192626
-999.779252,0.016666666666666666,8.20513
-958.02616,0.15,8.278993
-958.045418,0.15,8.34568
-999.78148,0.016666666666666666,8.366064
-999.779093,0.016666666666666666,8.385114
-999.779889,0.016666666666666666,8.405023
-994.556594,0.03333333333333333,8.436566
-999.777501,0.016666666666666666,8.456714
-999.776706,0.016666666666666666,8.477163
-978.907401,0.08333333333333333,8.533669
-931.966507,0.2333333333333333,8.693157
-978.897056,0.08333333333333333,8.750606
-989.33887,0.05,8.7723
-989.339666,0.05,8.796011
-999.778456,0.016666666666666666,8.806469
-917.309515,0.2833333333333333,8.966434
-989.330117,0.05,9.003106
-999.779411,0.016666666666666666,9.020416
-984.111915,0.06666666666666667,9.068193
-989.332027,0.05,9.105063
-994.561528,0.03333333333333333,9.132879
-989.331549,0.05,9.165164
-999.779411,0.016666666666666666,9.17547
-823.488653,2.549999999999996,10.099297
-958.079,0.15,10.153478
-706.403458,2.066666666666664,10.861419
-958.015815,0.15,10.918407
-873.413373,0.49999999999999994,11.082411
-999.780844,0.016666666666666666,11.092143
-874.669482,0.55,13.566412
-952.811779,0.16666666666666666,13.598755
-994.560732,0.03333333333333333,13.60705
-984.109687,0.06666666666666667,13.621336
-999.779252,0.016666666666666666,13.627024
-994.564393,0.03333333333333333,13.635995
-994.561051,0.03333333333333333,13.644879
-999.777024,0.016666666666666666,13.650554
-963.269986,0.13333333333333333,13.677403
-994.557231,0.03333333333333333,13.686123
-999.779093,0.016666666666666666,13.691645
-984.110483,0.06666666666666667,13.705932
-999.779889,0.016666666666666666,13.711362
-994.55548,0.03333333333333333,13.719862
-999.780048,0.016666666666666666,13.725545
-999.781639,0.016666666666666666,13.73114
-963.227651,0.13333333333333333,13.761171
-968.448876,0.11666666666666665,13.784682
-994.563279,0.03333333333333333,13.793143
-999.781162,0.016666666666666666,13.798688
-999.778934,0.016666666666666666,13.804142
-994.560573,0.03333333333333333,13.812779
-994.5593,0.03333333333333333,13.821144
-999.780844,0.016666666666666666,13.827004
-994.560892,0.03333333333333333,13.835534
-741.896562,1.6999999999999988,14.196288
-999.77973,0.016666666666666666,14.202459
-999.780207,0.016666666666666666,14.208631
-903.879956,0.3333333333333333,14.280164
-958.009608,0.15,14.312564
-994.556276,0.03333333333333333,14.32171
-931.95648,0.2333333333333333,14.377838
-999.777979,0.016666666666666666,14.383521
-989.335051,0.05,14.395334
-994.558504,0.03333333333333333,14.405944
-931.942793,0.2333333333333333,14.469448
-994.556753,0.03333333333333333,14.478343
-811.771389,1.1500000000000008,14.726127
-999.779252,0.016666666666666666,14.731422
-999.778456,0.016666666666666666,14.736818
-999.779093,0.016666666666666666,14.74223
-999.77973,0.016666666666666666,14.74766
-958.012951,0.15,14.776994
-931.894887,0.2333333333333333,14.820604
-994.56121,0.03333333333333333,14.828855
-999.780207,0.016666666666666666,14.83413
-984.119873,0.06666666666666667,14.848744
-994.554525,0.03333333333333333,14.856817
-994.561051,0.03333333333333333,14.866139
-978.904696,0.08333333333333333,14.883417
-958.043031,0.15,14.939202
-989.336801,0.05,14.960804
-999.77973,0.016666666666666666,14.970511
-916.277843,0.2833333333333333,15.066992
-994.555321,0.03333333333333333,15.081909
-999.780684,0.016666666666666666,15.091653
-999.781003,0.016666666666666666,15.101512
-947.701643,0.18333333333333332,15.166798
-688.097716,3.26666666666666,19.501721
-958.031413,0.15,19.556282
-958.051943,0.15,19.609845
-978.895942,0.08333333333333333,19.641895
-984.115576,0.06666666666666667,19.668424
-994.560096,0.03333333333333333,19.683681
-896.204184,0.36666666666666664,19.821938
-999.778456,0.016666666666666666,19.838085
-999.778615,0.016666666666666666,19.848326
-989.334573,0.05,19.869496
-994.555162,0.03333333333333333,19.885135
-999.782594,0.016666666666666666,19.895504
-989.328844,0.05,19.916505
-999.780366,0.016666666666666666,19.926579
-999.777501,0.016666666666666666,19.938147
-984.117008,0.06666666666666667,19.964987
-999.777024,0.016666666666666666,19.977968
-994.560414,0.03333333333333333,19.996948
-999.781321,0.016666666666666666,20.008715
-999.781162,0.016666666666666666,20.019057
-994.562801,0.03333333333333333,20.035154
-921.575145,0.26666666666666666,20.131424
-999.78148,0.016666666666666666,20.141529
-994.554844,0.03333333333333333,20.157127
-994.560573,0.03333333333333333,20.178127
-921.470421,0.26666666666666666,20.29291
-999.781799,0.016666666666666666,20.303065
-895.1523,0.36666666666666664,20.436266
-994.557708,0.03333333333333333,20.452992
-994.560255,0.03333333333333333,20.469147
-984.125125,0.06666666666666667,20.49805
-989.338075,0.05,20.526452
-867.075805,0.5333333333333333,20.748334
-978.922839,0.08333333333333333,20.780742
-989.346191,0.05,20.802591
-999.777661,0.016666666666666666,20.812806
-999.777979,0.016666666666666666,20.823005
-854.455755,1.0333333333333345,21.266278
-989.34078,0.05,21.28752
-994.553889,0.03333333333333333,21.316035
-999.778456,0.016666666666666666,21.325657
-942.363439,0.19999999999999998,21.395061
-989.33887,0.05,21.415439
-942.435855,0.19999999999999998,21.487175
-994.558663,0.03333333333333333,21.502127
-911.066167,0.3,21.60393
-994.556913,0.03333333333333333,21.619033
-831.348957,2.249999999999997,22.369255
-849.10832,1.0666666666666678,22.738149
-999.778456,0.016666666666666666,22.749494
-994.556117,0.03333333333333333,22.76558
-740.073188,2.8166666666666615,24.758968
-999.778138,0.016666666666666666,24.764087
-999.778615,0.016666666666666666,24.769035
-999.78148,0.016666666666666666,24.774117
-952.767056,0.16666666666666666,24.803846
-999.777501,0.016666666666666666,24.80886
-994.561687,0.03333333333333333,24.816663
-994.561051,0.03333333333333333,24.824467
-994.560414,0.03333333333333333,24.83225
-797.731942,2.466666666666663,25.359612
-963.202027,0.13333333333333333,25.406631
-855.104954,1.8333333333333317,26.123266
-999.780366,0.016666666666666666,26.133124
-999.780207,0.016666666666666666,26.142821
-947.634639,0.18333333333333332,26.207323
-989.336642,0.05,26.228043
-999.778775,0.016666666666666666,26.237809
-984.110642,0.06666666666666667,26.263936
-952.791248,0.16666666666666666,26.322536
-968.46686,0.11666666666666665,26.3647
-994.560732,0.03333333333333333,26.379885
-852.330836,1.5166666666666662,26.939796
-968.474977,0.11666666666666665,26.981805
-989.342213,0.05,27.002281
-989.337279,0.05,27.022707
-984.1186,0.06666666666666667,27.049016
-973.710686,0.09999999999999999,27.085959
-999.778775,0.016666666666666666,27.095752
-999.77957,0.016666666666666666,27.105532
-994.559937,0.03333333333333333,27.120677
-958.019953,0.15,27.185677
-999.780366,0.016666666666666666,27.19538
-883.95829,0.41666666666666663,27.349748
-994.560096,0.03333333333333333,27.365339
-994.560414,0.03333333333333333,27.380277
-911.103091,0.3,27.481068
-887.865821,0.39999999999999997,30.584038
-888.996646,0.3833333333333333,30.719519
-978.881937,0.08333333333333333,30.75157
-999.777979,0.016666666666666666,30.761675
-999.77957,0.016666666666666666,30.771871
-999.782435,0.016666666666666666,30.78213
-902.562124,0.3333333333333333,30.894605
-994.556753,0.03333333333333333,30.909931
-994.563438,0.03333333333333333,30.925174
-989.336006,0.05,30.945841
-968.489938,0.11666666666666665,30.989612
-999.780525,0.016666666666666666,30.999571
-978.893237,0.08333333333333333,31.031006
-791.692254,2.2666666666666635,32.175023
-984.115894,0.06666666666666667,32.20128
-973.684903,0.09999999999999999,32.23812
-999.78148,0.016666666666666666,32.250134
-989.337597,0.05,32.271389
-994.561369,0.03333333333333333,32.287049
-857.648798,1.4,32.781566
-999.779889,0.016666666666666666,32.791407
-994.555799,0.03333333333333333,32.806464
-978.896738,0.08333333333333333,32.837762
-978.90199,0.08333333333333333,32.868946
-984.11478,0.06666666666666667,32.894823
-999.781958,0.016666666666666666,32.904581
-963.224786,0.13333333333333333,32.952402
-994.560096,0.03333333333333333,32.967566
-843.770522,1.3166666666666669,33.415387
-989.332982,0.05,33.43598
-973.69111,0.09999999999999999,33.472998
-968.451104,0.11666666666666665,33.515163
-999.778775,0.016666666666666666,33.530041
-844.845944,0.850000000000001,33.813524
-994.561051,0.03333333333333333,33.828706
-978.90008,0.08333333333333333,33.860229
-984.11287,0.06666666666666667,33.886083
-999.778456,0.016666666666666666,33.895826
-963.266325,0.13333333333333333,33.943612
-947.601058,0.18333333333333332,34.007773
-999.779093,0.016666666666666666,34.0175
-999.778138,0.016666666666666666,34.032233
-994.561528,0.03333333333333333,34.048896
-837.418961,0.966666666666668,34.473836
-999.776706,0.016666666666666666,34.483637
-916.313335,0.2833333333333333,36.499409
-999.78148,0.016666666666666666,36.505063
-994.555162,0.03333333333333333,36.513486
-999.778138,0.016666666666666666,36.519311
-994.55739,0.03333333333333333,36.528025
-973.702887,0.09999999999999999,36.549108
-989.341894,0.05,36.565552
-773.097085,2.0499999999999976,36.974126
-999.781639,0.016666666666666666,36.979725
-947.590712,0.18333333333333332,37.015567
-921.506708,0.26666666666666666,37.070591
-999.77957,0.016666666666666666,37.076087
-999.777024,0.016666666666666666,37.08143
-999.78148,0.016666666666666666,37.086848
-942.33877,0.19999999999999998,37.126966
-921.505276,0.26666666666666666,37.184616
-984.132287,0.06666666666666667,37.199842
-999.781162,0.016666666666666666,37.20546
-978.890213,0.08333333333333333,37.223236
-999.780684,0.016666666666666666,37.229123
-999.77957,0.016666666666666666,37.234783
-999.780048,0.016666666666666666,37.240352
-994.555958,0.03333333333333333,37.24898
-999.779889,0.016666666666666666,37.254639
-984.126239,0.06666666666666667,37.274039
-807.825744,2.5166666666666626,38.11504
-978.908993,0.08333333333333333,38.146257
-994.562006,0.03333333333333333,38.16131
-999.77782,0.016666666666666666,38.170923
-869.832923,0.9333333333333346,38.52766
-994.563756,0.03333333333333333,38.542979
-999.778775,0.016666666666666666,38.552794
-994.564552,0.03333333333333333,38.568039
-994.564234,0.03333333333333333,38.583171
-999.782276,0.016666666666666666,38.59291
-999.776865,0.016666666666666666,38.602625
-989.33139,0.05,38.623039
-836.668056,1.4,39.099139
-999.777342,0.016666666666666666,39.108966
-994.557072,0.03333333333333333,39.123868
-682.933096,1.9333333333333313,42.05174
-968.4519,0.11666666666666665,42.073115
-994.560892,0.03333333333333333,42.080888
-999.779411,0.016666666666666666,42.085855
-999.779093,0.016666666666666666,42.090849
-994.556435,0.03333333333333333,42.09845
-999.776706,0.016666666666666666,42.103442
-994.560573,0.03333333333333333,42.111095
-999.776865,0.016666666666666666,42.116118
-999.779889,0.016666666666666666,42.121022
-999.77957,0.016666666666666666,42.12588
-999.77973,0.016666666666666666,42.130913
-999.78148,0.016666666666666666,42.135927
-999.77973,0.016666666666666666,42.140885
-999.779889,0.016666666666666666,42.145884
-989.346987,0.05,42.156237
-973.673603,0.09999999999999999,42.174736
-999.779252,0.016666666666666666,42.179762
-994.557549,0.03333333333333333,42.187466
-973.683789,0.09999999999999999,42.206231
-937.169907,0.21666666666666665,42.243976
-831.200223,0.8333333333333343,42.382403
-989.333937,0.05,42.392766
-999.779093,0.016666666666666666,42.397699
-994.563597,0.03333333333333333,42.405323
-999.778775,0.016666666666666666,42.410226
-984.114303,0.06666666666666667,42.423372
-947.64196,0.18333333333333332,42.455814
-999.781321,0.016666666666666666,42.460856
-947.563974,0.18333333333333332,42.493326
-994.555321,0.03333333333333333,42.501014
-867.681449,0.6500000000000004,42.613936
-994.558663,0.03333333333333333,42.621632
-937.14476,0.21666666666666665,42.659348
-994.559618,0.03333333333333333,42.667152
-984.127194,0.06666666666666667,42.680406
-989.337597,0.05,42.690955
-994.556435,0.03333333333333333,42.698659
-963.21826,0.13333333333333333,42.722732
-994.557231,0.03333333333333333,42.730405
-968.486436,0.11666666666666665,42.751866
-999.781003,0.016666666666666666,42.756858
-963.275079,0.13333333333333333,42.781131
-999.778615,0.016666666666666666,42.786135
-994.560096,0.03333333333333333,42.793902
-994.557072,0.03333333333333333,42.801646
-989.346032,0.05,42.81214
-984.114462,0.06666666666666667,42.82544
-973.680287,0.09999999999999999,42.844164
-984.115894,0.06666666666666667,42.857527
-984.125284,0.06666666666666667,42.870753
-994.561369,0.03333333333333333,42.878454
-999.781799,0.016666666666666666,42.88346
-999.779411,0.016666666666666666,42.888471
-999.776865,0.016666666666666666,42.89354
-978.891008,0.08333333333333333,42.909736
-963.240542,0.13333333333333333,42.933863
-968.463836,0.11666666666666665,42.955429
-921.482676,0.26666666666666666,43.001688
-999.77957,0.016666666666666666,43.006687
-841.031619,0.7000000000000005,43.124856
-994.556753,0.03333333333333333,43.132598
-994.555639,0.03333333333333333,43.140379
-999.779889,0.016666666666666666,43.145346
-999.780207,0.016666666666666666,43.150332
-805.607925,1.483333333333333,43.397699
-989.340621,0.05,43.408266
-937.131869,0.21666666666666665,43.446117
-973.692542,0.09999999999999999,43.46504
-999.777342,0.016666666666666666,43.470047
-999.778615,0.016666666666666666,43.475025
-937.109905,0.21666666666666665,43.513209
-994.559141,0.03333333333333333,43.521008
-999.781003,0.016666666666666666,43.526122
-984.12799,0.06666666666666667,43.539363
-958.042235,0.15,43.566329
-999.780684,0.016666666666666666,43.571492
-994.555799,0.03333333333333333,43.579218
-978.907083,0.08333333333333333,43.595445
-994.560892,0.03333333333333333,43.603168
-989.336006,0.05,43.619603
-999.780684,0.016666666666666666,43.629351
-999.77782,0.016666666666666666,43.6391
-999.779252,0.016666666666666666,43.648839
-799.942628,1.5166666666666662,46.988866
-999.777979,0.016666666666666666,46.998777
-797.650396,2.2333333333333303,47.818859
-989.333618,0.05,47.839416
-994.563438,0.03333333333333333,47.854383
-999.779252,0.016666666666666666,47.864518
-999.777024,0.016666666666666666,47.874243
-907.982293,0.31666666666666665,47.982041
-994.560414,0.03333333333333333,47.996978
-999.779889,0.016666666666666666,48.006653
-989.338234,0.05,48.027226
-999.777661,0.016666666666666666,48.036974
-989.340939,0.05,48.057245
-848.933815,1.3000000000000003,48.500747
-952.753369,0.16666666666666666,48.558806
-994.563279,0.03333333333333333,48.574043
-999.778775,0.016666666666666666,48.583791
-973.669624,0.09999999999999999,48.62017
-994.558982,0.03333333333333333,48.635555
-994.554048,0.03333333333333333,48.660141
-999.781003,0.016666666666666666,48.669896
-999.77957,0.016666666666666666,48.679586
-999.780207,0.016666666666666666,48.689322
-931.840774,0.2333333333333333,48.781902
-921.484586,0.26666666666666666,48.872328
-999.780844,0.016666666666666666,48.882094
-994.558186,0.03333333333333333,48.897055
-989.340303,0.05,48.917493
-994.563915,0.03333333333333333,48.93264
-994.562324,0.03333333333333333,48.947851
-790.810034,1.016666666666668,49.287056
-994.558186,0.03333333333333333,49.302269
-963.232903,0.13333333333333333,49.349718
-999.779093,0.016666666666666666,49.359425
-853.564429,0.9500000000000013,49.698857
-999.780844,0.016666666666666666,49.709103
-973.668987,0.09999999999999999,49.758568
-999.776865,0.016666666666666666,49.769205
-957.976504,0.15,49.79823
-994.558027,0.03333333333333333,49.805235
-994.557231,0.03333333333333333,49.812084
-984.118122,0.06666666666666667,49.823864
-994.554684,0.03333333333333333,49.834672
-916.234712,0.2833333333333333,49.88558
-978.903263,0.08333333333333333,49.901492
-968.449831,0.11666666666666665,49.926367
-994.559777,0.03333333333333333,49.934033
-994.564711,0.03333333333333333,49.941498
-994.563597,0.03333333333333333,49.949058
-994.562801,0.03333333333333333,49.956544
-994.559459,0.03333333333333333,49.964173
-994.559937,0.03333333333333333,49.97174
-942.359619,0.19999999999999998,50.005997
-883.013864,0.44999999999999996,51.381738
-994.554207,0.03333333333333333,51.389678
-911.00171,0.3,51.441987
-999.779889,0.016666666666666666,51.447232
-994.560892,0.03333333333333333,51.455229
-999.779889,0.016666666666666666,51.460272
-994.558663,0.03333333333333333,51.467901
-999.782117,0.016666666666666666,51.472961
-989.334414,0.05,51.483549
-994.554525,0.03333333333333333,51.491402
-999.780048,0.016666666666666666,51.496457
-989.337597,0.05,51.507251
-999.780048,0.016666666666666666,51.512264
-947.573205,0.18333333333333332,51.545239
-994.558982,0.03333333333333333,51.553141
-838.004492,0.9166666666666679,51.708978
-952.791884,0.16666666666666666,51.738698
-984.119873,0.06666666666666667,51.752327
-999.777183,0.016666666666666666,51.757326
-968.459858,0.11666666666666665,51.778544
-973.704638,0.09999999999999999,51.797457
-958.023455,0.15,51.836427
-968.448398,0.11666666666666665,51.886342
-999.778775,0.016666666666666666,51.895984
-994.562642,0.03333333333333333,51.910882
-999.77973,0.016666666666666666,51.92074
-999.779093,0.016666666666666666,51.930517
-994.558027,0.03333333333333333,51.945656
-999.780684,0.016666666666666666,51.955964
-994.557708,0.03333333333333333,51.977752
-999.781639,0.016666666666666666,51.987448
-994.5593,0.03333333333333333,52.002454
-999.779252,0.016666666666666666,52.012078
-994.563597,0.03333333333333333,52.027052
-989.334096,0.05,52.047187
-884.838287,0.39999999999999997,52.183581
-994.555162,0.03333333333333333,52.19865
-999.776865,0.016666666666666666,52.208376
-957.988122,0.15,52.260666
-999.778615,0.016666666666666666,52.270692
-994.559618,0.03333333333333333,52.285872
-994.556594,0.03333333333333333,52.300944
-989.334732,0.05,52.321391
-994.561846,0.03333333333333333,52.336556
-947.556972,0.18333333333333332,52.409225
-978.898807,0.08333333333333333,52.440651
-999.77957,0.016666666666666666,52.450357
-968.463677,0.11666666666666665,52.513788
-978.904696,0.08333333333333333,52.544974
-978.890531,0.08333333333333333,52.576256
-841.422144,0.966666666666668,52.901172
-952.81337,0.16666666666666666,52.959143
-999.779252,0.016666666666666666,52.968862
-999.780844,0.016666666666666666,52.97855
-931.927991,0.2333333333333333,53.057719
-921.576895,0.26666666666666666,53.147841
-984.115417,0.06666666666666667,53.173569
-999.778775,0.016666666666666666,53.183181
-989.338393,0.05,53.203474
-973.672648,0.09999999999999999,53.239861
-994.559937,0.03333333333333333,53.254987
-994.55357,0.03333333333333333,53.270191
-994.56121,0.03333333333333333,53.285317
-931.853984,0.2333333333333333,53.364295
-989.328684,0.05,53.384873
-952.800956,0.16666666666666666,53.442753
-989.336006,0.05,53.463487
-999.780684,0.016666666666666666,53.473369
-973.661348,0.09999999999999999,53.509853
-978.907242,0.08333333333333333,53.541292
-999.780207,0.016666666666666666,53.550962
-994.558982,0.03333333333333333,53.566159
-820.325555,1.4166666666666665,53.956619
-999.779252,0.016666666666666666,53.961413
-973.689837,0.09999999999999999,53.97907
-999.77957,0.016666666666666666,53.983849
-989.330594,0.05,53.993985
-999.779411,0.016666666666666666,53.998787
-999.776865,0.016666666666666666,54.00353
-984.125444,0.06666666666666667,54.016566
-994.555003,0.03333333333333333,54.024033
-994.554525,0.03333333333333333,54.031525
-978.905014,0.08333333333333333,54.047049
-911.074284,0.3,54.098694
-999.779411,0.016666666666666666,54.103878
-999.779411,0.016666666666666666,54.108836
-999.780207,0.016666666666666666,54.113823
-999.778934,0.016666666666666666,54.118727
-999.779411,0.016666666666666666,54.123691
-994.565189,0.03333333333333333,54.131296
-999.778138,0.016666666666666666,54.136127
-999.779889,0.016666666666666666,54.141062
-994.5593,0.03333333333333333,54.148733
-999.77957,0.016666666666666666,54.153705
-989.335051,0.05,54.164041
-978.908675,0.08333333333333333,54.179974
-921.565595,0.26666666666666666,54.226874
-994.564234,0.03333333333333333,54.234516
-824.796099,0.7833333333333341,55.690034
-999.780207,0.016666666666666666,55.695539
-999.779411,0.016666666666666666,55.701009
-994.559777,0.03333333333333333,55.709219
-947.623498,0.18333333333333332,55.743054
-999.777661,0.016666666666666666,55.749093
-999.779252,0.016666666666666666,55.754502
-999.78148,0.016666666666666666,55.759669
-999.781321,0.016666666666666666,55.764776
-994.564075,0.03333333333333333,55.772735
-999.77957,0.016666666666666666,55.777872
-999.776865,0.016666666666666666,55.782985
-931.933084,0.2333333333333333,55.824647
-999.777024,0.016666666666666666,55.829663
-994.556435,0.03333333333333333,55.837496
-989.333777,0.05,55.848072
-968.456038,0.11666666666666665,55.86982
-994.563279,0.03333333333333333,55.877649
-867.873649,0.4666666666666666,56.004982
-926.83409,0.24999999999999997,56.093647
-994.557708,0.03333333333333333,56.109064
-989.337438,0.05,56.129399
-984.119714,0.06666666666666667,56.155346
-999.779093,0.016666666666666666,56.165161
-999.781799,0.016666666666666666,56.174772
-978.895942,0.08333333333333333,56.205801
-968.442191,0.11666666666666665,56.247068
-921.483949,0.26666666666666666,56.336775
-999.781162,0.016666666666666666,56.346558
-989.337756,0.05,56.370199
-905.699793,0.3333333333333333,56.482861
-999.779411,0.016666666666666666,56.492659
-999.77973,0.016666666666666666,56.502421
-963.253274,0.13333333333333333,56.550418
-999.77957,0.016666666666666666,56.560151
-968.473863,0.11666666666666665,56.602159
-989.338552,0.05,56.62265
-999.781799,0.016666666666666666,56.632484
-839.900275,1.0333333333333345,56.977835
-994.559141,0.03333333333333333,56.993015
-999.781639,0.016666666666666666,57.00279
-999.77957,0.016666666666666666,57.012536
-999.780844,0.016666666666666666,57.022231
-984.118441,0.06666666666666667,57.048075
-999.778138,0.016666666666666666,57.057743
-968.452377,0.11666666666666665,57.099572
-968.486118,0.11666666666666665,57.141943
-911.095293,0.3,57.243274
-994.554207,0.03333333333333333,57.258426
-984.114621,0.06666666666666667,57.284361
-891.021315,0.3833333333333333,57.412783
-999.776706,0.016666666666666666,57.422405
-989.328684,0.05,57.442874
-937.171339,0.21666666666666665,57.517536
-937.178342,0.21666666666666665,57.59214
-999.781003,0.016666666666666666,57.601828
-952.82276,0.16666666666666666,57.666292
-958.033163,0.15,57.722918
-999.776865,0.016666666666666666,57.732768
-841.68284,0.9333333333333346,58.037777
-999.77782,0.016666666666666666,58.047964
-853.036682,0.6166666666666669,58.250263
-999.780366,0.016666666666666666,58.259976
-999.779889,0.016666666666666666,58.269618
-999.778297,0.016666666666666666,58.279231
-999.781162,0.016666666666666666,58.28897
-937.177228,0.21666666666666665,58.362912
-984.121465,0.06666666666666667,58.389179
-952.870189,0.16666666666666666,58.44891
-999.78148,0.016666666666666666,58.458695
-989.333618,0.05,58.479186
-947.609493,0.18333333333333332,58.542748
-994.5593,0.03333333333333333,58.557961
-994.559459,0.03333333333333333,58.573146
-994.562165,0.03333333333333333,58.588314
-999.779252,0.016666666666666666,58.598071
-999.77957,0.016666666666666666,58.607828
-994.556594,0.03333333333333333,58.622729
-999.780844,0.016666666666666666,58.63241
-942.351662,0.19999999999999998,58.7001
-999.781162,0.016666666666666666,58.709933
-999.77957,0.016666666666666666,58.719658
-931.897274,0.2333333333333333,58.802275
-999.781321,0.016666666666666666,58.812109
-942.397817,0.19999999999999998,58.881363
-942.342749,0.19999999999999998,60.838989
-999.779252,0.016666666666666666,60.844267
-796.275627,1.9666666666666646,61.178965
-989.341258,0.05,61.189466
-994.558504,0.03333333333333333,61.197373
-963.223672,0.13333333333333333,61.221761
-999.779889,0.016666666666666666,61.226881
-931.963483,0.2333333333333333,61.268117
-999.77957,0.016666666666666666,61.273324
-999.777342,0.016666666666666666,61.278485
-999.779889,0.016666666666666666,61.283655
-911.228983,0.3,61.338636
-958.028229,0.15,61.366171
-999.77957,0.016666666666666666,61.371296
-984.118122,0.06666666666666667,61.384657
-994.560573,0.03333333333333333,61.392367
-900.519152,0.3333333333333333,61.450481
-866.197559,0.5333333333333333,61.542977
-994.557231,0.03333333333333333,61.550841
-999.779889,0.016666666666666666,61.556101
-999.777183,0.016666666666666666,61.561335
-999.77957,0.016666666666666666,61.56649
-984.129422,0.06666666666666667,61.580229
-999.778934,0.016666666666666666,61.585353
-952.820055,0.16666666666666666,61.615626
-999.776865,0.016666666666666666,61.620725
-984.114621,0.06666666666666667,61.634181
-994.556594,0.03333333333333333,61.642109
-999.779889,0.016666666666666666,61.647213
-999.778934,0.016666666666666666,61.652283
-994.556435,0.03333333333333333,61.660115
-994.558822,0.03333333333333333,61.668029
-999.780684,0.016666666666666666,61.673118
-994.561369,0.03333333333333333,61.681067
-999.777661,0.016666666666666666,61.68611
-832.937682,1.8499999999999983,62.006052
-900.650455,0.3333333333333333,62.070344
-999.77957,0.016666666666666666,62.080034
-994.555162,0.03333333333333333,62.095933
-963.246749,0.13333333333333333,62.142911
-994.562324,0.03333333333333333,62.158169
-984.117168,0.06666666666666667,62.184237
-999.781003,0.016666666666666666,62.193949
-994.565984,0.03333333333333333,62.209148
-968.451741,0.11666666666666665,62.250936
-963.223194,0.13333333333333333,62.308549
-999.78148,0.016666666666666666,62.318582
-989.336324,0.05,62.339084
-994.559459,0.03333333333333333,62.354283
-994.555799,0.03333333333333333,62.369473
-984.11669,0.06666666666666667,62.39536
-994.56121,0.03333333333333333,62.410457
-880.586822,0.41666666666666663,62.550231
-989.3333,0.05,62.570682
-989.345077,0.05,62.5911
-994.55373,0.03333333333333333,62.606269
-844.560438,1.3333333333333335,63.040636
-908.872794,0.31666666666666665,63.148665
-952.79841,0.16666666666666666,64.953126
-999.780525,0.016666666666666666,64.958234
-999.779889,0.016666666666666666,64.963258
-958.009927,0.15,64.999231
-989.339348,0.05,65.010617
-947.546308,0.18333333333333332,65.051039
-978.890531,0.08333333333333333,65.072498
-877.270133,0.5166666666666666,65.166057
-994.558663,0.03333333333333333,65.174114
-994.557708,0.03333333333333333,65.182041
-999.777501,0.016666666666666666,65.187258
-999.779252,0.016666666666666666,65.192384
-984.114621,0.06666666666666667,65.206067
-984.113507,0.06666666666666667,65.219924
-984.123215,0.06666666666666667,65.233489
-999.778775,0.016666666666666666,65.238581
-999.778297,0.016666666666666666,65.243677
-994.555162,0.03333333333333333,65.251575
-994.558345,0.03333333333333333,65.259537
-963.245953,0.13333333333333333,65.288373
-999.77973,0.016666666666666666,65.293447
-848.809504,1.6999999999999988,65.611958
-968.46511,0.11666666666666665,65.634167
-958.022659,0.15,65.661808
-984.111915,0.06666666666666667,65.675373
-864.00853,1.0666666666666678,65.857979
-999.781321,0.016666666666666666,65.863199
-921.573712,0.26666666666666666,65.911739
-994.557072,0.03333333333333333,65.919785
-968.490734,0.11666666666666665,65.94688
-994.558982,0.03333333333333333,65.954859
-978.897056,0.08333333333333333,65.971165
-999.782594,0.016666666666666666,65.976207
-994.555321,0.03333333333333333,65.984241
-919.21068,0.2833333333333333,66.03659
-989.329958,0.05,66.047547
-999.778775,0.016666666666666666,66.052576
-989.335369,0.05,66.06372
-999.778934,0.016666666666666666,66.069221
-999.778934,0.016666666666666666,66.081888
-847.154781,1.4333333333333331,66.516609
-952.850772,0.16666666666666666,66.576628
-994.555003,0.03333333333333333,66.591656
-999.779889,0.016666666666666666,66.601337
-994.556276,0.03333333333333333,66.616248
-968.459858,0.11666666666666665,66.657877
-999.780844,0.016666666666666666,66.66763
-973.667873,0.09999999999999999,66.704188
-797.621872,1.35,67.199588
-989.333459,0.05,67.220175
-762.853083,1.6333333333333324,70.407733
-864.653885,0.6000000000000002,70.516286
-999.780525,0.016666666666666666,70.521337
-999.777024,0.016666666666666666,70.526231
-999.780207,0.016666666666666666,70.531179
-994.55548,0.03333333333333333,70.538798
-989.343327,0.05,70.549165
-973.684584,0.09999999999999999,70.567988
-999.779889,0.016666666666666666,70.572919
-999.777979,0.016666666666666666,70.577785
-885.73038,0.39999999999999997,70.645565
-989.336165,0.05,70.656108
-999.780525,0.016666666666666666,70.66129
-999.778138,0.016666666666666666,70.666791
-898.37814,0.35,70.728043
-968.42357,0.11666666666666665,70.751117
-989.342372,0.05,70.761579
-921.631645,0.26666666666666666,70.81333
-999.778297,0.016666666666666666,70.818634
-999.779889,0.016666666666666666,70.823625
-937.239935,0.21666666666666665,70.866123
-994.553252,0.03333333333333333,70.88193
-994.554525,0.03333333333333333,70.889648
-989.347624,0.05,70.900311
-999.779889,0.016666666666666666,70.905284
-999.778934,0.016666666666666666,70.910282
-978.889894,0.08333333333333333,70.926374
-968.459858,0.11666666666666665,70.947988
-989.33712,0.05,70.958467
-994.557708,0.03333333333333333,70.966362
-984.119237,0.06666666666666667,70.979684
-999.778615,0.016666666666666666,70.984787
-999.778934,0.016666666666666666,70.989848
-871.380616,0.6500000000000004,71.109279
-978.901672,0.08333333333333333,71.125547
-963.272851,0.13333333333333333,71.150334
-994.554844,0.03333333333333333,71.158205
-999.780366,0.016666666666666666,71.163386
-973.676627,0.09999999999999999,71.182056
-999.77957,0.016666666666666666,71.187146
-978.896897,0.08333333333333333,71.203266
-775.629906,1.9333333333333313,71.530014
-989.340303,0.05,71.540783
-999.779411,0.016666666666666666,71.545849
-999.777183,0.016666666666666666,71.550993
-999.779411,0.016666666666666666,71.55609
-973.684107,0.09999999999999999,71.575033
-999.778775,0.016666666666666666,71.580197
-999.77957,0.016666666666666666,71.585293
-984.104276,0.06666666666666667,71.598813
-973.685858,0.09999999999999999,71.617924
-999.780366,0.016666666666666666,71.62297
-994.556913,0.03333333333333333,71.63089
-891.788631,0.39999999999999997,71.701419
-857.655159,0.5666666666666668,71.79992
-921.490793,0.26666666666666666,71.847355
-999.780366,0.016666666666666666,71.852467
-994.557868,0.03333333333333333,71.86032
-947.616336,0.18333333333333332,71.893799
-984.134038,0.06666666666666667,71.907472
-999.777342,0.016666666666666666,71.912601
-999.780684,0.016666666666666666,71.917727
-942.404501,0.19999999999999998,71.953455
-999.780366,0.016666666666666666,71.958396
-831.30556,1.566666666666666,74.570693
-999.780684,0.016666666666666666,74.575749
-999.781799,0.016666666666666666,74.580764
-999.780844,0.016666666666666666,74.585737
-999.779093,0.016666666666666666,74.590619
-984.117645,0.06666666666666667,74.603863
-922.496522,0.26666666666666666,74.650011
-895.221532,0.36666666666666664,74.712532
-999.776865,0.016666666666666666,74.717619
-978.89626,0.08333333333333333,74.733618
-801.790865,1.2500000000000004,74.945015
-994.558822,0.03333333333333333,74.952981
-999.780525,0.016666666666666666,74.957978
-999.778934,0.016666666666666666,74.963096
-999.777024,0.016666666666666666,74.968262
-891.105985,0.36666666666666664,75.031739
-999.780525,0.016666666666666666,75.036824
-978.894987,0.08333333333333333,75.053102
-968.451741,0.11666666666666665,75.074961
-772.811172,2.3166666666666633,75.512619
-766.987003,3.433333333333326,76.108247
-999.782594,0.016666666666666666,76.113444
-994.558345,0.03333333333333333,76.121451
-994.555003,0.03333333333333333,76.129376
-937.11659,0.21666666666666665,76.168359
-999.781958,0.016666666666666666,76.173511
-999.779093,0.016666666666666666,76.178638
-999.780844,0.016666666666666666,76.183872
-989.34078,0.05,76.194678
-999.77957,0.016666666666666666,76.199821
-999.779252,0.016666666666666666,76.204911
-999.778775,0.016666666666666666,76.210026
-957.988122,0.15,76.237648
-999.781003,0.016666666666666666,76.242786
-937.193462,0.21666666666666665,76.281736
-999.778615,0.016666666666666666,76.286899
-968.448398,0.11666666666666665,76.30874
-931.983059,0.2333333333333333,78.961314
-999.781799,0.016666666666666666,78.97102
-989.335528,0.05,78.991183
-814.044193,2.7333333333333285,79.876038
-989.339666,0.05,79.901226
-958.062766,0.15,79.955494
-999.778775,0.016666666666666666,79.96548
-878.17477,0.44999999999999996,80.116637
-994.555799,0.03333333333333333,80.131755
-942.428056,0.19999999999999998,80.201658
-978.912813,0.08333333333333333,80.23531
-994.563279,0.03333333333333333,80.252371
-994.560573,0.03333333333333333,80.286129
-999.778456,0.016666666666666666,80.302473
-968.460017,0.11666666666666665,80.347752
-999.779093,0.016666666666666666,80.357679
-999.77957,0.016666666666666666,80.367767
-989.333618,0.05,80.389409
-999.779411,0.016666666666666666,80.399502
-984.114144,0.06666666666666667,80.42884
-994.561369,0.03333333333333333,80.444083
-989.344282,0.05,80.466475
-860.939598,0.6333333333333336,80.691571
-994.560096,0.03333333333333333,80.706642
-978.909629,0.08333333333333333,80.743532
-999.777024,0.016666666666666666,80.754172
-999.777979,0.016666666666666666,80.764092
-999.780048,0.016666666666666666,80.773749
-999.781162,0.016666666666666666,80.783456
-952.810665,0.16666666666666666,80.842426
-989.330913,0.05,80.862878
-999.781003,0.016666666666666666,80.872663
-989.346987,0.05,80.898023
-994.558822,0.03333333333333333,80.913929
-999.780366,0.016666666666666666,80.923965
-999.777024,0.016666666666666666,80.933759
-999.778775,0.016666666666666666,80.943476
-963.280967,0.13333333333333333,80.991311
-968.502829,0.11666666666666665,81.034811
-994.554684,0.03333333333333333,81.049944
-989.336961,0.05,81.071061
-999.778775,0.016666666666666666,81.081124
-999.778934,0.016666666666666666,81.090911
-999.776865,0.016666666666666666,81.101418
-999.778615,0.016666666666666666,81.111306
-903.442757,0.35,81.229365
-999.778775,0.016666666666666666,81.239011
-999.781321,0.016666666666666666,81.248657
-952.802229,0.16666666666666666,81.321476
-999.777024,0.016666666666666666,81.331249
-829.925657,1.5999999999999992,81.857944
-994.555639,0.03333333333333333,81.873169
-999.780844,0.016666666666666666,81.882946
-797.883405,3.049999999999994,85.703729
-999.776865,0.016666666666666666,85.713598
-999.77957,0.016666666666666666,85.723302
-921.513711,0.26666666666666666,85.82248
-836.237424,1.1333333333333342,86.21047
-763.479511,2.7666666666666617,86.924322
-937.169588,0.21666666666666665,86.962815
-844.758486,1.4666666666666663,87.212139
-994.556913,0.03333333333333333,87.220175
-994.555003,0.03333333333333333,87.227942
-999.777024,0.016666666666666666,87.233097
-999.781799,0.016666666666666666,87.238264
-999.779889,0.016666666666666666,87.243388
-999.780366,0.016666666666666666,87.248456
-999.777024,0.016666666666666666,87.253585
-999.780844,0.016666666666666666,87.258722
-905.563078,0.3333333333333333,87.31782
-952.806686,0.16666666666666666,87.348405
-958.016134,0.15,87.376298
-994.5593,0.03333333333333333,87.384253
-743.589994,2.8499999999999948,89.798223
-900.657935,0.3333333333333333,89.939634
-999.780207,0.016666666666666666,89.949326
-994.555321,0.03333333333333333,89.964262
-999.779093,0.016666666666666666,89.973872
-958.032686,0.15,90.026317
-994.557549,0.03333333333333333,90.041687
-916.287552,0.2833333333333333,90.138808
-999.782594,0.016666666666666666,90.148693
-994.560255,0.03333333333333333,90.163892
-994.56487,0.03333333333333333,90.179086
-999.779411,0.016666666666666666,90.188923
-999.780048,0.016666666666666666,90.19883
-999.780048,0.016666666666666666,90.208725
-999.777183,0.016666666666666666,90.218602
-999.781003,0.016666666666666666,90.228468
-963.248659,0.13333333333333333,90.297107
-999.779093,0.016666666666666666,90.3069
-999.781162,0.016666666666666666,90.316804
-989.33521,0.05,90.337115
-994.557072,0.03333333333333333,90.352093
-931.934517,0.2333333333333333,90.431349
-978.897693,0.08333333333333333,90.462893
-963.234653,0.13333333333333333,90.510295
-999.778456,0.016666666666666666,90.520061
-999.77973,0.016666666666666666,90.529828
-994.556594,0.03333333333333333,90.544951
-984.112234,0.06666666666666667,90.570993
-999.779252,0.016666666666666666,90.582502
-999.780366,0.016666666666666666,90.601211
-994.555162,0.03333333333333333,90.616779
-999.776546,0.016666666666666666,90.626717
-984.118918,0.06666666666666667,90.653796
-989.327889,0.05,90.675231
-912.0563,0.3,90.785363
-999.780525,0.016666666666666666,90.7955
-891.1975,0.36666666666666664,90.923278
-984.123534,0.06666666666666667,90.949101
-999.781799,0.016666666666666666,90.959005
-984.108414,0.06666666666666667,90.984685
-999.777024,0.016666666666666666,90.994262
-999.778456,0.016666666666666666,91.004088
-994.557072,0.03333333333333333,91.020746
-701.664638,2.8666666666666614,92.007129
-958.033004,0.15,92.060263
-826.810193,1.016666666666668,92.394017
-999.779889,0.016666666666666666,92.403816
-994.560255,0.03333333333333333,92.41898
-849.407673,0.6166666666666669,92.636667
-994.555003,0.03333333333333333,92.651849
-830.57867,1.566666666666666,94.286662
-994.567417,0.03333333333333333,94.294871
-773.035174,2.0499999999999976,94.650973
-836.872435,0.6333333333333336,94.764378
-963.250887,0.13333333333333333,94.789768
-999.77973,0.016666666666666666,94.794979
-999.77957,0.016666666666666666,94.800101
-994.560414,0.03333333333333333,94.808221
-999.779411,0.016666666666666666,94.813748
-999.779252,0.016666666666666666,94.818973
-999.779093,0.016666666666666666,94.824113
-999.782435,0.016666666666666666,94.829274
-994.558822,0.03333333333333333,94.837354
-999.780525,0.016666666666666666,94.842724
-999.77957,0.016666666666666666,94.847973
-999.779411,0.016666666666666666,94.853333
-973.691587,0.09999999999999999,94.882617
-973.692701,0.09999999999999999,94.919421
-989.342372,0.05,94.940072
-999.779252,0.016666666666666666,94.949888
-999.777024,0.016666666666666666,94.959649
-994.558504,0.03333333333333333,94.974821
-999.778138,0.016666666666666666,94.9846
-999.780366,0.016666666666666666,94.9944
-994.557072,0.03333333333333333,95.009508
-999.780844,0.016666666666666666,95.019282
-999.780684,0.016666666666666666,95.029179
-994.558027,0.03333333333333333,95.044314
-989.348897,0.05,95.064966
-999.780844,0.016666666666666666,95.074749
-994.560732,0.03333333333333333,95.089916
-999.782276,0.016666666666666666,95.099774
-937.172612,0.21666666666666665,95.175998
-999.778934,0.016666666666666666,95.185794
-994.560732,0.03333333333333333,95.200939
-994.557868,0.03333333333333333,95.216137
-994.560892,0.03333333333333333,95.231371
-994.55548,0.03333333333333333,95.246625
-999.777501,0.016666666666666666,95.256414
-978.895465,0.08333333333333333,95.287896
-989.32948,0.05,95.308476
-994.556435,0.03333333333333333,95.323598
-999.777661,0.016666666666666666,95.33338
-906.646953,0.3333333333333333,95.446638
-999.779252,0.016666666666666666,95.456515
-989.340939,0.05,95.477144
-989.340303,0.05,95.497647
-932.090807,0.2333333333333333,95.581996
-994.556117,0.03333333333333333,95.597005
-947.651987,0.18333333333333332,95.664529
-994.555639,0.03333333333333333,95.679582
-958.026797,0.15,95.744277
-999.778775,0.016666666666666666,95.755242
-942.354527,0.19999999999999998,95.827328
-999.777501,0.016666666666666666,95.83795
-999.779252,0.016666666666666666,95.848174
-989.342372,0.05,95.869057
-999.781799,0.016666666666666666,95.878829
-999.779889,0.016666666666666666,95.888549
-999.777661,0.016666666666666666,95.898253
-989.340303,0.05,95.918666
-994.561369,0.03333333333333333,95.93393
-999.781321,0.016666666666666666,95.944961
-937.211605,0.21666666666666665,96.022821
-978.896897,0.08333333333333333,96.055004
-994.560732,0.03333333333333333,96.070415
-994.560255,0.03333333333333333,96.085773
-999.782276,0.016666666666666666,96.095658
-978.893237,0.08333333333333333,96.134495
-942.426624,0.19999999999999998,96.20901
-897.39517,0.35,96.327785
-643.271502,3.6666666666666585,98.571212
-937.138712,0.21666666666666665,98.610461
-994.5593,0.03333333333333333,98.618347
-999.77957,0.016666666666666666,98.623575
-952.819577,0.16666666666666666,98.654534
-984.109846,0.06666666666666667,98.672925
-958.058946,0.15,98.702109
-999.778615,0.016666666666666666,98.70711
-978.908675,0.08333333333333333,98.723478
-989.334255,0.05,98.734156
-978.902627,0.08333333333333333,98.750491
-999.77973,0.016666666666666666,98.75603
-984.115417,0.06666666666666667,98.769848
-994.558982,0.03333333333333333,98.77776
-999.777024,0.016666666666666666,98.782702
-999.780366,0.016666666666666666,98.787878
-994.555162,0.03333333333333333,98.795851
-978.898966,0.08333333333333333,98.812236
-994.558504,0.03333333333333333,98.820017
-973.680765,0.09999999999999999,98.839353
-989.340303,0.05,98.850862
-958.020749,0.15,98.878487
-999.780366,0.016666666666666666,98.88357
-999.77957,0.016666666666666666,98.88859
-989.345714,0.05,98.899316
-989.333937,0.05,98.909827
-999.778138,0.016666666666666666,98.914937
-942.437446,0.19999999999999998,98.952315
-999.781958,0.016666666666666666,98.957499
-813.98639,2.666666666666662,99.861605
-947.584665,0.18333333333333332,99.925694
-958.047965,0.15,99.979278
-978.896738,0.08333333333333333,100.010893
-825.639567,1.4,100.467284
-999.779889,0.016666666666666666,100.477122
-984.119077,0.06666666666666667,100.503134
-978.902945,0.08333333333333333,100.534403
-978.900717,0.08333333333333333,100.566127
-947.578776,0.18333333333333332,100.630052
-994.562483,0.03333333333333333,100.645314
-994.558663,0.03333333333333333,100.660536
-989.341417,0.05,100.681182
-999.780048,0.016666666666666666,100.69107
-958.03746,0.15,100.744165
-963.267917,0.13333333333333333,100.797602
-831.53601,0.733333333333334,101.065911
-994.560414,0.03333333333333333,101.082448
-994.558822,0.03333333333333333,101.107778
-994.552297,0.03333333333333333,101.123366
-989.3333,0.05,101.143797
-989.332186,0.05,101.16411
-931.932925,0.2333333333333333,101.248732
-818.845573,1.5333333333333328,103.730996
-999.780366,0.016666666666666666,103.736142
-989.345714,0.05,103.74665
-921.547293,0.26666666666666666,103.793634
-994.561528,0.03333333333333333,103.801415
-978.888462,0.08333333333333333,103.817361
-984.123375,0.06666666666666667,103.83061
-999.782435,0.016666666666666666,103.835521
-994.558186,0.03333333333333333,103.84328
-994.56503,0.03333333333333333,103.85115
-818.69773,3.1999999999999935,104.417405
-999.776865,0.016666666666666666,104.422494
-999.781321,0.016666666666666666,104.427461
-989.339984,0.05,104.438023
-973.673921,0.09999999999999999,104.456873
-871.903092,0.4666666666666666,104.537236
-994.559459,0.03333333333333333,104.545165
-973.691428,0.09999999999999999,104.564228
-999.779093,0.016666666666666666,104.569294
-825.565932,0.733333333333334,104.695422
-724.362396,2.0499999999999976,105.04621
-994.554207,0.03333333333333333,105.054003
-978.882732,0.08333333333333333,105.070233
-999.77782,0.016666666666666666,105.07519
-834.734883,0.9333333333333346,105.351582
-994.562801,0.03333333333333333,105.36683
-999.780844,0.016666666666666666,105.376633
-999.778456,0.016666666666666666,105.38638
-999.780684,0.016666666666666666,105.396106
-989.332345,0.05,105.416533
-994.558822,0.03333333333333333,105.431557
-994.564393,0.03333333333333333,105.446722
-994.555639,0.03333333333333333,105.461791
-999.779889,0.016666666666666666,105.471529
-994.559141,0.03333333333333333,105.486585
-999.779889,0.016666666666666666,105.496273
-994.556435,0.03333333333333333,105.511349
-994.557708,0.03333333333333333,105.526485
-989.336324,0.05,105.546897
-994.553252,0.03333333333333333,105.561898
-994.555321,0.03333333333333333,105.576986
-994.558982,0.03333333333333333,105.592083
-994.560892,0.03333333333333333,105.607217
-994.560573,0.03333333333333333,105.62234
-984.116213,0.06666666666666667,105.648148
-999.77957,0.016666666666666666,105.657817
-994.554844,0.03333333333333333,105.672902
-989.338552,0.05,105.693328
-994.558345,0.03333333333333333,105.708399
-808.114775,1.3000000000000003,107.961219
-999.776706,0.016666666666666666,107.966209
-999.77957,0.016666666666666666,107.971264
-999.778775,0.016666666666666666,107.97626
-999.779411,0.016666666666666666,107.981198
-994.552775,0.03333333333333333,107.988988
-973.673603,0.09999999999999999,108.007858
-784.305902,2.8666666666666614,108.503784
-736.065236,1.6166666666666658,108.782711
-984.10921,0.06666666666666667,108.796076
-994.555321,0.03333333333333333,108.803892
-999.780048,0.016666666666666666,108.808931
-958.021067,0.15,108.836427
-999.780048,0.016666666666666666,108.841412
-999.778934,0.016666666666666666,108.84656
-994.561369,0.03333333333333333,108.854346
-999.779889,0.016666666666666666,108.859519
-994.559937,0.03333333333333333,108.867373
-999.778775,0.016666666666666666,108.87237
-999.776865,0.016666666666666666,108.877447
-999.778934,0.016666666666666666,108.882458
-905.786055,0.31666666666666665,108.937981
-832.456969,0.8833333333333344,109.089932
-994.555639,0.03333333333333333,109.097755
-999.77957,0.016666666666666666,109.102781
-937.144124,0.21666666666666665,109.14141
-978.908515,0.08333333333333333,109.1578
-926.717588,0.24999999999999997,109.202448
-817.134003,1.2166666666666672,109.600577
-999.779093,0.016666666666666666,109.610319
-994.556435,0.03333333333333333,109.625365
-999.77957,0.016666666666666666,109.63511
-978.921884,0.08333333333333333,109.666503
-978.915518,0.08333333333333333,109.697897
-958.058628,0.15,109.752886
-999.777501,0.016666666666666666,109.763098
-999.77973,0.016666666666666666,109.772828
-999.777183,0.016666666666666666,109.78253
-947.561269,0.18333333333333332,109.845823
-881.319601,0.4333333333333333,112.868021
-819.041717,2.5166666666666626,113.559253
-947.593736,0.18333333333333332,113.59282
-958.039211,0.15,113.621176
-958.014065,0.15,113.648822
-942.347683,0.19999999999999998,113.684994
-989.346828,0.05,113.695614
-789.23443,1.2166666666666672,113.902967
-999.777024,0.016666666666666666,113.908028
-999.78148,0.016666666666666666,113.913032
-999.778297,0.016666666666666666,113.917994
-999.781162,0.016666666666666666,113.923044
-994.55548,0.03333333333333333,113.931033
-942.349274,0.19999999999999998,113.966391
-866.357798,0.44999999999999996,114.047168
-999.77973,0.016666666666666666,114.054822
-999.779889,0.016666666666666666,114.060182
-989.333777,0.05,114.070922
-984.111756,0.06666666666666667,114.084377
-994.564234,0.03333333333333333,114.093545
-999.777024,0.016666666666666666,114.098861
-963.242293,0.13333333333333333,114.12659
-994.55548,0.03333333333333333,114.135478
-916.236941,0.2833333333333333,114.188478
-999.779411,0.016666666666666666,114.193901
-994.554844,0.03333333333333333,114.202624
-921.468352,0.26666666666666666,114.253735
-952.802229,0.16666666666666666,114.285864
-999.777342,0.016666666666666666,114.290911
-999.77973,0.016666666666666666,114.295979
-999.779889,0.016666666666666666,114.301152
-999.778456,0.016666666666666666,114.306262
-999.781958,0.016666666666666666,114.311294
-963.265848,0.13333333333333333,114.335582
-999.781639,0.016666666666666666,114.340604
-994.556913,0.03333333333333333,114.348496
-968.474022,0.11666666666666665,114.391646
-999.78148,0.016666666666666666,114.402575
-942.330176,0.19999999999999998,114.476803
-999.780048,0.016666666666666666,114.483323
-994.558822,0.03333333333333333,114.50013
-735.132176,2.666666666666662,115.266762
-994.556753,0.03333333333333333,115.275228
-686.33514,2.3499999999999965,119.155008
-994.554048,0.03333333333333333,119.170447
-958.018043,0.15,119.230586
-994.556435,0.03333333333333333,119.246738
-994.564075,0.03333333333333333,119.262388
-777.030081,2.066666666666664,119.986947
-999.780048,0.016666666666666666,119.996827
-999.779411,0.016666666666666666,120.006582
-999.779889,0.016666666666666666,120.017146
-989.341576,0.05,120.03922
-989.335369,0.05,120.05999
-999.778138,0.016666666666666666,120.069763
-984.135152,0.06666666666666667,120.095819
-999.779411,0.016666666666666666,120.105656
-989.340462,0.05,120.126263
-999.780366,0.016666666666666666,120.135921
-999.77973,0.016666666666666666,120.14548
-952.806845,0.16666666666666666,120.203557
-999.779889,0.016666666666666666,120.21348
-827.416067,0.8833333333333344,120.525864
-999.779252,0.016666666666666666,120.535569
-786.106446,1.9833333333333312,121.238819
-999.779252,0.016666666666666666,121.248747
-999.780207,0.016666666666666666,121.258861
-984.131014,0.06666666666666667,121.285767
-999.779093,0.016666666666666666,121.295906
-952.818304,0.16666666666666666,121.369892
-999.780366,0.016666666666666666,121.380427
-994.560255,0.03333333333333333,121.395771
-958.001014,0.15,121.449045
-994.555003,0.03333333333333333,121.464955
-836.594656,1.3333333333333335,121.701369
-989.335687,0.05,121.713119
-999.780048,0.016666666666666666,121.718782
-989.336801,0.05,121.729911
-984.126876,0.06666666666666667,121.744688
-999.778297,0.016666666666666666,121.752236
-994.560255,0.03333333333333333,121.761014
-984.121465,0.06666666666666667,123.365038
-999.777024,0.016666666666666666,123.370859
-999.780048,0.016666666666666666,123.376558
-994.556276,0.03333333333333333,123.385044
-911.094974,0.3,123.440076
-999.781162,0.016666666666666666,123.445313
-775.278415,1.3666666666666667,123.825157
-978.903741,0.08333333333333333,123.858225
-999.781958,0.016666666666666666,123.87117
-830.289002,0.7500000000000007,124.166471
-728.793188,2.2999999999999967,125.034938
-999.781003,0.016666666666666666,125.044722
-973.668828,0.09999999999999999,125.089838
-999.777183,0.016666666666666666,125.099664
-994.560573,0.03333333333333333,125.114673
-999.779411,0.016666666666666666,125.124321
-958.010882,0.15,125.181194
-838.271118,0.6500000000000004,125.421254
-968.470839,0.11666666666666665,125.466697
-999.779252,0.016666666666666666,125.476847
-999.779411,0.016666666666666666,125.496481
-999.77973,0.016666666666666666,125.515401
-994.559618,0.03333333333333333,125.544321
-999.781639,0.016666666666666666,125.564621
-968.451263,0.11666666666666665,125.619425
-963.271736,0.13333333333333333,125.673042
-999.780366,0.016666666666666666,125.683355
-999.778775,0.016666666666666666,125.693707
-999.781799,0.016666666666666666,125.704352
-994.554048,0.03333333333333333,125.720123
-999.778934,0.016666666666666666,125.730219
-994.558186,0.03333333333333333,125.745978
-999.779411,0.016666666666666666,125.756386
-921.5083,0.26666666666666666,125.857033
-978.904377,0.08333333333333333,125.890454
-947.57432,0.18333333333333332,125.961953
-999.780684,0.016666666666666666,125.972631
-817.03752,2.3499999999999965,126.86797
-999.779889,0.016666666666666666,126.878008
-994.561846,0.03333333333333333,126.893691
-999.77957,0.016666666666666666,126.903534
-999.779093,0.016666666666666666,126.913354
-999.778297,0.016666666666666666,126.923078
-999.779093,0.016666666666666666,126.932883
-999.77973,0.016666666666666666,126.942874
-999.777979,0.016666666666666666,126.95262
-994.562165,0.03333333333333333,126.967866
-999.779411,0.016666666666666666,126.977852
-999.779252,0.016666666666666666,126.988709
-999.779889,0.016666666666666666,126.999361
-958.031731,0.15,127.058884
-916.342142,0.2833333333333333,130.132895
-994.562961,0.03333333333333333,130.148661
-999.779093,0.016666666666666666,130.158626
-999.781003,0.016666666666666666,130.168537
-753.411675,1.866666666666665,130.866579
-999.779889,0.016666666666666666,130.885341
-963.220329,0.13333333333333333,130.939594
-916.274342,0.2833333333333333,131.04526
-984.120351,0.06666666666666667,131.072118
-994.554048,0.03333333333333333,131.08789
-994.557231,0.03333333333333333,131.103249
-721.58351,4.583333333333322,133.122579
-999.780366,0.016666666666666666,133.132971
-999.780684,0.016666666666666666,133.144478
-989.346191,0.05,133.166129
-989.335528,0.05,133.187272
-999.777183,0.016666666666666666,133.202185
-994.553411,0.03333333333333333,133.222474
-999.779411,0.016666666666666666,133.234258
-942.403228,0.19999999999999998,133.312781
-658.182364,6.049999999999984,137.333496
-978.910107,0.08333333333333333,137.349966
-713.043344,1.4,137.617272
-994.55548,0.03333333333333333,137.625229
-999.778456,0.016666666666666666,137.630204
-952.799683,0.16666666666666666,137.660316
-768.285872,2.116666666666664,138.149177
-926.753398,0.24999999999999997,138.23872
-890.242381,0.36666666666666664,138.383094
-973.692224,0.09999999999999999,138.420179
-999.780366,0.016666666666666666,138.430057
-999.781639,0.016666666666666666,138.44134
-989.348101,0.05,138.463159
-989.337915,0.05,138.484668
-999.77973,0.016666666666666666,138.49879
-994.555799,0.03333333333333333,138.514625
-999.781321,0.016666666666666666,138.524679
-999.779093,0.016666666666666666,138.534481
-999.779411,0.016666666666666666,138.544468
-999.77957,0.016666666666666666,138.554282
-994.555958,0.03333333333333333,138.569577
-973.683948,0.09999999999999999,138.61051
-963.232744,0.13333333333333333,138.658155
-999.780207,0.016666666666666666,138.667929
-999.778297,0.016666666666666666,138.67872
-994.556117,0.03333333333333333,138.693666
-968.47259,0.11666666666666665,138.737311
-889.084659,0.3833333333333333,138.885786
-989.345396,0.05,138.906325
-994.56121,0.03333333333333333,138.921474
-994.555799,0.03333333333333333,138.936557
-994.553889,0.03333333333333333,138.951578
-999.777661,0.016666666666666666,138.962171
-999.782435,0.016666666666666666,138.974596
-984.115894,0.06666666666666667,139.003728
-999.778615,0.016666666666666666,139.014034
-994.556594,0.03333333333333333,139.029233
-999.779889,0.016666666666666666,139.038981
-713.069357,3.1999999999999935,142.521445
-999.780207,0.016666666666666666,142.52664
-999.777979,0.016666666666666666,142.531873
-916.253015,0.2833333333333333,142.581858
-989.343486,0.05,142.592884
-999.778775,0.016666666666666666,142.598103
-890.189701,0.36666666666666664,142.663008
-994.558663,0.03333333333333333,142.671325
-926.682256,0.24999999999999997,142.720992
-999.779093,0.016666666666666666,142.726259
-999.780366,0.016666666666666666,142.731421
-999.778934,0.016666666666666666,142.736577
-999.779889,0.016666666666666666,142.741796
-978.901831,0.08333333333333333,142.759951
-758.483207,1.6333333333333324,143.066154
-958.008972,0.15,143.095021
-822.824517,1.0000000000000013,143.268999
-999.777661,0.016666666666666666,143.274439
-926.640717,0.24999999999999997,143.32736
-978.917269,0.08333333333333333,143.345624
-994.559777,0.03333333333333333,143.354129
-999.780207,0.016666666666666666,143.359503
-999.78148,0.016666666666666666,143.364717
-859.683777,0.4833333333333333,143.471706
-989.339666,0.05,143.483273
-999.777501,0.016666666666666666,143.488622
-999.777979,0.016666666666666666,143.493898
-994.559141,0.03333333333333333,143.502079
-999.778934,0.016666666666666666,143.507339
-989.334573,0.05,143.518438
-999.779411,0.016666666666666666,143.52376
-999.780048,0.016666666666666666,143.529529
-999.780366,0.016666666666666666,143.534739
-947.572569,0.18333333333333332,143.568718
-788.489714,1.2000000000000006,143.796982
-999.780048,0.016666666666666666,143.802339
-999.78148,0.016666666666666666,143.807648
-999.778934,0.016666666666666666,143.812748
-905.863563,0.31666666666666665,143.878215
-978.920611,0.08333333333333333,143.89701
-999.779252,0.016666666666666666,143.902433
-999.780207,0.016666666666666666,143.907647
-989.330435,0.05,143.918743
-994.555639,0.03333333333333333,143.930058
-916.359172,0.2833333333333333,147.012987
-984.110642,0.06666666666666667,147.039388
-947.58928,0.18333333333333332,147.106008
-999.777501,0.016666666666666666,147.116131
-926.722681,0.24999999999999997,147.210881
-994.55739,0.03333333333333333,147.22634
-963.274442,0.13333333333333333,147.275047
-999.779889,0.016666666666666666,147.294622
-958.004674,0.15,147.348742
-795.170043,0.9833333333333347,147.684827
-753.018239,5.149999999999987,149.709957
-999.781003,0.016666666666666666,149.719843
-999.778934,0.016666666666666666,149.729549
-963.259959,0.13333333333333333,149.776647
-999.781003,0.016666666666666666,149.786519
-814.583586,1.100000000000001,150.16081
-973.701296,0.09999999999999999,150.197672
-999.776865,0.016666666666666666,150.207336
-994.554525,0.03333333333333333,150.222743
-958.008494,0.15,150.27524
-989.336006,0.05,150.29632
-999.77782,0.016666666666666666,150.306106
-994.556117,0.03333333333333333,150.321225
-873.431805,0.4333333333333333,150.479401
-999.776865,0.016666666666666666,150.489095
-994.560732,0.03333333333333333,150.504763
-994.563438,0.03333333333333333,150.520083
-958.012951,0.15,150.573215
-973.680287,0.09999999999999999,150.609878
-999.779889,0.016666666666666666,150.619702
-825.924349,0.6833333333333338,153.105455
-999.78148,0.016666666666666666,153.118431
-999.77973,0.016666666666666666,153.130603
-947.626045,0.18333333333333332,153.210457
-999.779093,0.016666666666666666,153.221062
-999.779411,0.016666666666666666,153.231782
-999.781003,0.016666666666666666,153.244217
-884.993463,0.3833333333333333,153.382195
-931.939928,0.2333333333333333,153.44015
-885.013039,0.3833333333333333,153.529904
-999.777661,0.016666666666666666,153.538629
-999.781003,0.016666666666666666,153.544262
-994.555321,0.03333333333333333,153.552496
-916.249355,0.2833333333333333,153.606144
-994.555162,0.03333333333333333,153.61461
-999.780048,0.016666666666666666,153.619873
-999.778615,0.016666666666666666,153.62514
-994.563438,0.03333333333333333,153.633301
-994.563279,0.03333333333333333,153.641465
-999.77973,0.016666666666666666,153.646744
-994.5593,0.03333333333333333,153.657709
-999.779093,0.016666666666666666,153.669152
-994.56312,0.03333333333333333,153.681217
-911.089404,0.3,153.736136
-999.778934,0.016666666666666666,153.74161
-784.365821,1.4166666666666665,154.030532
-999.780366,0.016666666666666666,154.036731
-999.777183,0.016666666666666666,154.042453
-994.560573,0.03333333333333333,154.051839
-999.778297,0.016666666666666666,154.057839
-916.278003,0.2833333333333333,154.117082
-999.778615,0.016666666666666666,154.123043
-989.333459,0.05,154.137547
-994.558504,0.03333333333333333,154.146976
-999.779411,0.016666666666666666,154.153262
-994.555162,0.03333333333333333,154.166421
-999.781799,0.016666666666666666,154.172176
-978.892282,0.08333333333333333,154.19422
-866.945746,0.4666666666666666,154.326034
-942.351184,0.19999999999999998,154.39809
-984.111279,0.06666666666666667,154.426013
-994.555321,0.03333333333333333,154.442008
-994.566462,0.03333333333333333,154.460528
-952.822283,0.16666666666666666,154.531465
-999.780525,0.016666666666666666,154.542281
-999.780366,0.016666666666666666,154.552852
-999.779889,0.016666666666666666,154.564064
-999.780525,0.016666666666666666,154.575974
-999.780048,0.016666666666666666,154.591051
-921.534879,0.26666666666666666,154.700948
-820.340439,0.8333333333333343,154.990375
-840.974423,0.5333333333333333,155.212843
-994.563915,0.03333333333333333,155.231053
-999.781958,0.016666666666666666,155.242443
-994.555799,0.03333333333333333,155.260682
-994.56312,0.03333333333333333,155.286399
-968.471476,0.11666666666666665,155.343828
-921.445911,0.26666666666666666,155.452243
-999.778934,0.016666666666666666,155.46465
-999.776865,0.016666666666666666,155.477098
-994.559937,0.03333333333333333,155.497333
-688.876319,1.6166666666666658,156.155848
-994.557231,0.03333333333333333,156.174208
-815.667343,0.7833333333333341,159.347977
-999.779889,0.016666666666666666,159.362023
-989.336165,0.05,159.382969
-684.840038,2.466666666666663,160.277927
-973.678059,0.09999999999999999,160.316767
-999.779889,0.016666666666666666,160.326631
-994.560414,0.03333333333333333,160.341704
-999.780844,0.016666666666666666,160.351444
-968.50076,0.11666666666666665,160.393528
-999.779889,0.016666666666666666,160.403584
-958.034277,0.15,160.455843
-999.780366,0.016666666666666666,160.465876
-895.524881,0.35,160.605835
-916.28405,0.2833333333333333,160.710603
-999.780684,0.016666666666666666,160.720543
-984.116053,0.06666666666666667,160.746114
-984.123534,0.06666666666666667,160.773057
-984.12433,0.06666666666666667,160.798849
-999.778138,0.016666666666666666,160.808466
-999.781958,0.016666666666666666,160.818263
-999.777342,0.016666666666666666,160.827986
-791.640935,2.466666666666663,161.682213
-999.781799,0.016666666666666666,161.69638
-994.557868,0.03333333333333333,161.721495
-921.45371,0.26666666666666666,161.812856
-994.564234,0.03333333333333333,161.828352
-999.779252,0.016666666666666666,161.839523
-937.174681,0.21666666666666665,161.914623
-999.778456,0.016666666666666666,161.924323
-999.77973,0.016666666666666666,161.933849
-994.562801,0.03333333333333333,161.948837
-999.780684,0.016666666666666666,161.958411
-989.340462,0.05,161.978536
-994.562483,0.03333333333333333,161.993523
-999.779093,0.016666666666666666,162.003104
-926.729048,0.24999999999999997,162.09039
-989.335687,0.05,162.117752
-984.111756,0.06666666666666667,162.143531
-999.780366,0.016666666666666666,162.153265
-999.780207,0.016666666666666666,162.162995
-812.382296,0.8166666666666675,162.437219
-999.77973,0.016666666666666666,162.447062
-746.119638,1.5166666666666662,162.957622
-978.889576,0.08333333333333333,165.127212
-999.780525,0.016666666666666666,165.132318
-999.778934,0.016666666666666666,165.137352
-852.201856,0.5166666666666666,165.225298
-994.561369,0.03333333333333333,165.233323
-999.779252,0.016666666666666666,165.238213
-999.780844,0.016666666666666666,165.243176
-999.780048,0.016666666666666666,165.249207
-978.899762,0.08333333333333333,165.283761
-942.359619,0.19999999999999998,165.3217
-999.780844,0.016666666666666666,165.326682
-994.552775,0.03333333333333333,165.334582
-882.7568,0.39999999999999997,165.402298
-999.780525,0.016666666666666666,165.407331
-968.474977,0.11666666666666665,165.428707
-994.566462,0.03333333333333333,165.436353
-999.782276,0.016666666666666666,165.44135
-984.124011,0.06666666666666667,165.454724
-952.795227,0.16666666666666666,165.484804
-999.776865,0.016666666666666666,165.489728
-803.187331,0.8333333333333343,165.630958
-994.556913,0.03333333333333333,165.638568
-855.13339,0.4833333333333333,165.726351
-942.344977,0.19999999999999998,165.769778
-884.988529,0.3833333333333333,165.835738
-999.780048,0.016666666666666666,165.840703
-994.552775,0.03333333333333333,165.848439
-828.175147,0.6000000000000002,165.975253
-994.55739,0.03333333333333333,165.98314
-999.781321,0.016666666666666666,165.988346
-989.339507,0.05,165.998782
-999.78148,0.016666666666666666,166.003807
-999.779093,0.016666666666666666,166.008786
-994.553411,0.03333333333333333,166.016526
-947.550128,0.18333333333333332,166.048766
-999.780844,0.016666666666666666,166.05376
-973.690314,0.09999999999999999,166.072512
-994.553411,0.03333333333333333,166.080214
-730.462428,1.4166666666666665,166.331151
-885.035639,0.3833333333333333,166.397157
-994.562483,0.03333333333333333,166.404984
-807.480365,0.8666666666666677,166.549545
-984.136584,0.06666666666666667,166.562884
-680.867991,4.34999999999999,170.938723
-999.777501,0.016666666666666666,170.948666
-989.336006,0.05,170.969549
-900.766001,0.3333333333333333,171.094656
-973.68347,0.09999999999999999,171.131505
-814.742912,0.7166666666666672,171.372628
-947.565566,0.18333333333333332,171.43798
-999.777024,0.016666666666666666,171.447981
-999.77957,0.016666666666666666,171.458206
-937.134574,0.21666666666666665,171.543867
-994.561687,0.03333333333333333,171.559672
-787.760637,0.850000000000001,171.890592
-942.364235,0.19999999999999998,171.973436
-999.782117,0.016666666666666666,171.989424
-999.779411,0.016666666666666666,172.002244
-942.31235,0.19999999999999998,172.118485
-999.780207,0.016666666666666666,172.130782
-774.342673,1.649999999999999,172.856918
-984.114939,0.06666666666666667,172.888126
-994.563279,0.03333333333333333,172.903472
-874.50247,0.41666666666666663,173.243709
-864.153921,0.44999999999999996,173.483966
-963.226218,0.13333333333333333,173.532562
-921.46485,0.26666666666666666,173.651769
-968.459539,0.11666666666666665,173.709096
-984.129582,0.06666666666666667,173.73646
-999.780844,0.016666666666666666,173.748376
-999.776865,0.016666666666666666,173.759159
-905.842555,0.31666666666666665,173.86457
-999.780048,0.016666666666666666,173.8742
-957.989236,0.15,173.925812
-884.854998,0.3833333333333333,174.05214
-999.776706,0.016666666666666666,174.061859
-999.779252,0.016666666666666666,174.071531
-999.781003,0.016666666666666666,174.081209
-994.559459,0.03333333333333333,174.096281
-999.780207,0.016666666666666666,174.106018
-942.34259,0.19999999999999998,174.174325
-994.56487,0.03333333333333333,174.18962
-994.55373,0.03333333333333333,174.20475
-999.781321,0.016666666666666666,174.214714
-999.780048,0.016666666666666666,174.224498
-999.77957,0.016666666666666666,174.234185
-862.993174,0.4666666666666666,176.305098
-636.560397,1.6333333333333324,176.598909
-999.780048,0.016666666666666666,176.604175
-994.5593,0.03333333333333333,176.612382
-973.678855,0.09999999999999999,176.632018
-978.917587,0.08333333333333333,176.64902
-999.780366,0.016666666666666666,176.654367
-999.778456,0.016666666666666666,176.660086
-994.565189,0.03333333333333333,176.670731
-719.863705,1.9166666666666647,177.254082
-999.781003,0.016666666666666666,177.264236
-999.781162,0.016666666666666666,177.274153
-999.779093,0.016666666666666666,177.283993
-999.776546,0.016666666666666666,177.294018
-911.0111,0.3,177.419053
-999.781003,0.016666666666666666,177.429961
-994.556435,0.03333333333333333,177.446353
-978.901513,0.08333333333333333,177.494765
-999.781958,0.016666666666666666,177.507092
-984.131332,0.06666666666666667,177.534228
-999.779889,0.016666666666666666,177.544724
-864.138642,0.44999999999999996,177.715312
-994.556594,0.03333333333333333,177.731949
-989.339348,0.05,177.759067
-751.288973,2.7333333333333285,178.803542
-994.564075,0.03333333333333333,178.818575
-728.517118,1.266666666666667,179.255409
-999.781799,0.016666666666666666,179.267139
-984.106822,0.06666666666666667,179.294033
-999.781321,0.016666666666666666,179.304176
-994.556117,0.03333333333333333,179.319237
-999.780366,0.016666666666666666,179.329081
-916.217524,0.2833333333333333,179.427838
-999.779411,0.016666666666666666,179.437481
-984.118918,0.06666666666666667,179.463113
-994.560732,0.03333333333333333,179.4783
-942.358824,0.19999999999999998,179.56068
-999.781162,0.016666666666666666,179.570393
-994.564393,0.03333333333333333,179.585428
